,Feature,Coefficient,Color
47,Rh3A1.5000f.C.CH505TF gp140/293F*,0.6815499225386676,#7cfc00
35,Rh3A1.5000f.CH505w020.14D8 gp120 293F,0.5643238961419272,#7cfc00
44,Rh3A1.5000f.CH505.w30.12D8gp120/293F,-0.4641293231585526,#551a8b
